{
  "intents": [
       {"tag": "fever",
         "patterns": ["fever","i am having temperature","feeling hot"],
         "responses": ["1. 95-97", "2. 98-99 ","3. 100-101" ,"4. greater"],
         "context_set": ""

},
       {"tag": "sneeze",
         "patterns": ["sneezing", "sneezes"],
         "responses": ["How many days you are having sneezes"],
         "context_set": ""
       },

     {"tag": "cough",
         "patterns": ["coughing"],
         "responses":  ["1. Do you have dry cough ","2. Do you have phlegm ","3. Do you have frequent coughs (dry or wet) ","4. do you cough blood or colored mucus?"],
         "context_set": ""
     },
     {"tag": "chills",
         "patterns": ["chill", "shivers", "shivering", "shaking"],
         "responses": ["how long are you experiencing shivers"],
         "context_set": ""
     },
    {"tag": "headache",
         "patterns": ["head pain", "pain", "head ache"],
         "responses": ["Headache from 1. few minutes","Headache from 2. few hours","Headache from 3. few days","Headache from 4. few weeks"],
         "context_set": ""
         },
    {"tag": "Stuffy_Nose",
         "patterns": ["stuffy nose","nose blocked"],
         "responses": ["Stuffy_Nose"],
         "context_set": ""
        },
      {"tag": "Sore_Throat",
         "patterns": ["sore throat","throat pain"],
         "responses": ["Sore Throat: mild","moderate","severe","swollen tonsils"],
         "context_set": ""
        },
      {"tag": "Loss_Of_Smell",
         "patterns": ["Loss Of Smell","sense of taste lost","sense of smell lost","i cant smell"],
         "responses": "do you have any other flu like symptoms? 1. Yes 2. No",
         "context_set": ""
        },
      {"tag": "Shivering",
         "patterns": ["shivering","feeling shivery"],
         "responses": ["Shivering"],
         "context_set": ""
        },
      {"tag": "Phlegm",
         "patterns": ["phlegm","mucus","coughing mucus","chest congestion"],
         "responses": ["Phlegm"],
         "context_set": ""
        },
      {"tag": "Throat_Irritation",
         "patterns": ["irritation in throat","my throat hurts","itchy throat"],
         "responses": ["Throat_Irritation"],
         "context_set": ""
        },
      {"tag": "Allergy_Trigger",
         "patterns": ["allergy","allergy trigger","allergy ","itchy nose"],
         "responses": ["Allergy_Trigger"],
          "context_set": ""
        },
      {"tag": "Long_Term_Breathing_Or_Wheezing",
         "patterns": ["wheezing with breathing problem","breathing with sounds"],
         "responses": ["Wheezing from few minutes","few minutes","few hours","few days"],
          "context_set": ""
        },
      {"tag": "stiff_neck",
         "patterns": ["stiff neck","tightness in neck"],
         "responses": "stiff_neck",
         "context_set": ""
        },
      {"tag": "Redness_in_one_or_both_eyes",
         "patterns": ["eye redness","redness in eye","red eyes"],
         "responses": ["Redness_in_one_or_both_eyes"],
         "context_set": ""
        },
      {"tag": "Red_Raised_Itchy_Bumps",
         "patterns": ["red bumps","itchy bumps","Red Raised Itchy lumps"],
         "responses": ["Red_Raised_Itchy_Bumps"],
         "context_set": ""
        },
      {"tag": "Sensitive_to_Cold",
         "patterns": ["sensitive to cold","i am sensitive to cold"],
         "responses": ["Sensitive_to_Cold"],
         "context_set": ""
        },
      {"tag": "Toothache",
         "patterns": ["toothache","pain in teeth","painful tooth","tooth hurting"],
         "responses": ["Toothache"],
         "context_set": ""
        },
      {"tag": "Gas",
         "patterns": ["gassy","farting","stomach gas","sounds in stomach"],
         "responses": ["Gas"],
         "context_set": ""
        },
      {"tag": "burn_feeling_in_chest",
         "patterns": ["burning feeling in chest"],
         "responses": ["burn_feeling_in_chest"],
         "context_set": ""
        },
      {"tag": "Bitter_Fluid_In_Mouth",
         "patterns": ["bitter taste in mouth","bitter fluid in mouth","bitter"],
         "responses": ["bitter_fluid_in_mouth"],
         "context_set": ""
        },
      {"tag": "nausea",
         "patterns": ["feeling nausea","nausea"],
         "responses": ["nausea"],
         "context_set": ""
        },
        {"tag": "muscle_ache",
         "patterns": ["pain in muscles","muscle ache","my muscle is paining","muscle pain"],
         "responses": ["muscle_ache"],
         "context_set": ""
        },
      {"tag": "Smoking_History",
         "patterns": ["i smoke","smoke daily","smoker"],
         "responses": ["Smoking_History"],
         "context_set": ""
        },
      {"tag": "Tobacco_History",
         "patterns": ["tobacco"],
         "responses": ["Tobacco_History"],
         "context_set": ""
        },
      {"tag": "Tingling_In_Hands_And_Feet",
         "patterns": ["tingling sensation in hand and feet","tingling"],
         "responses": ["tingling_in_hands_and_feet"],
         "context_set": ""
        },
      {"tag": "Vomiting",
         "patterns": ["vomiting", "i just vomited", "feeling of vomit", "vomit"],
         "responses": ["vomiting"],
         "context_set": ""
        },
      {"tag": "Chest_Pain",
         "patterns": ["chest pain","chest hurts"],
         "responses": ["chest pain duration: few minutes","chest pain duration: few hours","chest pain duration: few days","chest pain duration: few weeks"],
         "context_set": ""
        },
        {"tag": "Chest_Discomfort",
         "patterns": ["chest discomfort","tightness in chest", "weird feeling in chest"],
         "responses": ["Are you having 1. Chest tightness/Pressure"," 2. Nausea ","3. Shortness of breath"," 4. cold sweats"],
         "context_set": ""
        },
        {"tag": "Pain_In_Different_Areas_Of_Back",
         "patterns": ["Pain in different areas of back","back pain","back ache"],
         "responses": ["Pain_in_different_areas_of_back"],
         "context_set": ""
        },
       {"tag": "Aches",
         "patterns": ["aches","pain in body","full body pain","aching body"],
         "responses": ["Aches duration: few minutes","Aches duration: few hours","Aches duration: few days","Aches duration: few weeks"],
         "context_set": ""
        }
  ]
}
